url,label
https://www.bfgnet.icu/auth/register,CloudflareDefenseV2
https://www.heygg.com/auth/register,CloudflareDefenseV2
https://yuko.work/auth/register,CloudflareDefenseV2
https://gflink.net/auth/register,Email Validation
https://oceancloud.asia/auth/register,Email Validation
https://worldnod.com/auth/register,Email Validation
https://cesmax.com/auth/register,Email Validation
https://znetvpn.xyz/auth/register,Email Validation
https://g01.info/auth/register,Email Validation
https://suwebrocket.club/auth/register,Email Validation
https://xxuan2.icu/auth/register,Email Validation
https://xmrth.com/auth/register,Email Validation
https://light-up.cc/auth/register,Email Validation
https://bgpnet.org/auth/register,Email Validation
https://share.ayucloud.io/auth/register,Email Validation
https://iceyun.one/auth/register,Email Validation
https://www.gftech.cc/auth/register,Email Validation
https://52node.xyz/auth/register,Email Validation
https://www.ktyjsq.com/auth/register,Email Validation
https://matrixap.com/auth/register,Email Validation
https://www.xiaoliebao.xyz/auth/register,Email Validation
https://www.miaomiaowu114514.xyz/auth/register,Email Validation
https://renzhe.cloud/auth/register,Email Validation
https://7cc.buzz/auth/register,Email Validation
https://savier.xyz/auth/register,Email Validation
https://www.joyssr.com/auth/register,Email Validation;GeeTest Validation
https://forust.net/auth/register,Email Validation;GeeTest Validation
https://www.vvac.asia/auth/register,Email Validation;GeeTest Validation
https://dash.tail.one/auth/register,Email Validation;GeeTest Validation
https://oing.in/auth/register,GeeTest Validation
https://www.ssr99.xyz/auth/register,GeeTest Validation
https://eatpeach.top/auth/register,GeeTest Validation
https://www.mxyssr.fun/auth/register,GeeTest Validation
https://v2.hor1zon.xyz/auth/register,GeeTest Validation
https://www.paopaoyun.fun/auth/register,GeeTest Validation
https://feisucloud.net/auth/register,GeeTest Validation
https://physicxx.com/auth/register,GeeTest Validation
https://user.huojian999.com/auth/register,GeeTest Validation
https://www.sufeiyun.icu/auth/register,GeeTest Validation
https://www.jssr.cc/auth/register,GeeTest Validation
https://jike0001.net/auth/register,GeeTest Validation
https://admin.91zfdao.com/auth/register,GeeTest Validation
https://cloud.nima.ma/auth/register,GeeTest Validation
https://imust.cloud/auth/register,GeeTest Validation
https://kkjiasu.com/auth/register,GeeTest Validation
https://tanzcloud.com/auth/register,GeeTest Validation
https://ssr.pogoss.vip/auth/register,GeeTest Validation
https://user.58ppyun.com/auth/register,GeeTest Validation
https://jiying789.com/auth/register,GeeTest Validation
https://sy168.site/auth/register,GeeTest Validation
https://youyun00.com/auth/register,GeeTest Validation
https://gogo.bid/auth/register,GeeTest Validation
https://juziyun66.com/auth/register,GeeTest Validation
https://feisucloud.com/auth/register,GeeTest Validation
https://kakayun.xyz/auth/register,GeeTest Validation
https://ipyipy.cc/auth/register,GeeTest Validation
https://littleqqq.com/auth/register,GeeTest Validation
https://www.wiougong.space/auth/register,GeeTest Validation
https://www.wolun7.com/auth/register,GeeTest Validation
https://juzi66.com/auth/register,GeeTest Validation
https://misakanetwork.co/auth/register,GeeTest Validation
https://daboluo.uuufo.xyz/auth/register,GeeTest Validation
https://youyun688.net/auth/register,GeeTest Validation
https://789vpn.top/auth/register,GeeTest Validation
https://go.zhuifengdao.com/auth/register,GeeTest Validation
https://sgy58.com/auth/register,GeeTest Validation
https://www.biegaowole.xyz/auth/register,GeeTest Validation
https://www.douluos.xyz/auth/register,GeeTest Validation
https://ppv2.cc/auth/register,Google reCAPTCHA
https://gsoula.cloud/auth/register,Google reCAPTCHA
https://gsou.link/auth/register,Google reCAPTCHA
https://biteb.me/auth/register,Google reCAPTCHA
https://www.dvacloud.net/auth/register,Google reCAPTCHA
https://ppssr.tk/auth/register,Google reCAPTCHA
https://biteb.cc/auth/register,Google reCAPTCHA
https://www.dinuxcloud.com/auth/register,Google reCAPTCHA;Email Validation
https://www.星际云.com/auth/register,Normal
https://beebeeline.biz/auth/register,Normal
https://kuaiyun999.xyz/auth/register,Normal
https://xixi55.net/auth/register,Normal
https://www.tikfk.com/auth/register,Normal
https://laowuhk.xyz/auth/register,Normal
https://20212345.xyz/auth/register,Normal
https://weilan.app/auth/register,Normal
https://paimon.cc/auth/register,Normal
https://cylink.app/auth/register,Normal
https://www.xyss.cc/auth/register,Normal
https://jisutizi.xyz/auth/register,Normal
https://qiaqia.io/auth/register,Normal
https://web.bananaspeed.site/auth/register,Normal
https://www.stconnect.net/auth/register,Normal
https://fastfox.cc/auth/register,Normal
https://gogoo.cyou/auth/register,Normal
https://ssr016.xyz/auth/register,Normal
https://www.jisutizi.xyz/auth/register,Normal
https://4thunter.net/auth/register,Normal
https://www.ledlandi.com/auth/register,Normal
https://wocaovee.xyz/auth/register,Normal
https://58ftq.com/auth/register,Normal
https://www.91ftq.com/auth/register,Normal
https://www.tui889.xyz/auth/register,Normal
https://vprays.xv.cm/auth/register,Normal
https://situcloud.ml/auth/register,Normal
https://de1.foreign-expat-tv.win/auth/register,Normal
https://huasuyun.net/auth/register,Normal
https://fafoot.org/auth/register,Normal
https://yuejisu.cc/auth/register,Normal
https://gogoveepien8.xyz/auth/register,Normal
https://oxopron.top/auth/register,Normal
https://www.jafiyun.cc/auth/register,Normal
https://www.dabai.in/auth/register,Normal
https://fafoot.net/auth/register,Normal
https://mgnet.vip/auth/register,Normal
https://m.lemon77.im/auth/register,Normal
https://fastgor.xyz/auth/register,Normal
https://tianhang.shop/auth/register,Normal
https://www.tanjirou.xyz/auth/register,Normal
https://www.sufeiyun.com/auth/register,Normal
https://www.58ftq.com/auth/register,Normal
https://srg.bar/auth/register,Normal
https://haohaolaowang.xyz/auth/register,Normal
https://7sucloud.xyz/auth/register,Normal
https://www.freedog.pw/auth/register,Normal
https://fhuotz.com/auth/register,Normal
https://www.ktykty.com/auth/register,Normal
https://www.xmfjsq.com/auth/register,Normal
https://rabbitairlines.com/auth/register,Normal
https://xiaobai.network/auth/register,Normal
https://www.mixhost.cf/auth/register,Normal
https://zerocloud.works/auth/register,Normal
https://500ml.buzz/auth/register,Normal
https://www.kmajsq.com/auth/register,Normal
https://maoqiang.xyz/auth/register,Normal
https://az.yunyunyun.date/auth/register,Normal
https://www.yesdaddy.win/auth/register,Normal
https://xixi0001.com/auth/register,Normal
https://miao2022.xyz/auth/register,Normal
https://cv2.us/auth/register,Normal
https://www.feixia66.xyz/auth/register,Normal
https://wolaile.icu/auth/register,Normal
https://laov888.com/auth/register,Normal
https://laochuanzhang.top/auth/register,Normal
https://fanqiev2.com/auth/register,Normal
https://tudouvp.top/auth/register,Normal
https://pluto.aaxc.club/auth/register,Normal
https://gotonet.xyz/auth/register,Normal
http://www.8pig.org/auth/register,危险通信(HTTP)
http://karmai.xyz/auth/register,危险通信(HTTP)
http://fastvpn.top/auth/register,危险通信(HTTP)
http://149.129.111.59/auth/register,危险通信(HTTP)
http://www.cloudbb.win/auth/register,危险通信(HTTP)
http://058850.xyz/auth/register,危险通信(HTTP)
http://weixiaojiasu.xyz/auth/register,危险通信(HTTP)
http://www.pandabb.xyz/auth/register,危险通信(HTTP)
http://www.qiuniu.top/auth/register,危险通信(HTTP)
http://www.ojbk.pw/auth/register,危险通信(HTTP)
http://situcloud.cf/auth/register,危险通信(HTTP)
http://clould.ltd/auth/register,危险通信(HTTP)
http://wanda123.xyz/auth/register,危险通信(HTTP)
http://198.211.36.199/auth/register,危险通信(HTTP)
http://57s.in/auth/register,危险通信(HTTP)
http://www.superfast8.com/auth/register,危险通信(HTTP)
http://www.hnyhgl.com/auth/register,危险通信(HTTP)
http://雫猫.com/auth/register,危险通信(HTTP)
http://www.ggjsq.xyz/auth/register,危险通信(HTTP)
http://www.52jingtanhao.org/auth/register,危险通信(HTTP)
http://tudouvp.com/auth/register,危险通信(HTTP)
http://www.rainji.cn/auth/register,危险通信(HTTP)
http://cloudtu.cc/auth/register,危险通信(HTTP)
http://www.syvpn.buzz/auth/register,危险通信(HTTP)
http://houzi.me/auth/register,危险通信(HTTP)
http://www.sky-sky.cc/auth/register,危险通信(HTTP)
http://www.niuniu.site/auth/register,危险通信(HTTP)
https://yhy888.xyz/auth/register,拒绝注册
https://kapoksub.com/auth/register,拒绝注册
https://zoozoo.cc/auth/register,拒绝注册
https://llhyun.com/auth/register,拒绝注册
https://dbjs.xyz/auth/register,拒绝注册
https://vlinks.asia/auth/register,拒绝注册
https://www.yropo.top/auth/register,拒绝注册
https://anway.wiki/auth/register,拒绝注册
https://seagullvpn.com/auth/register,拒绝注册
https://xxuan1.icu/auth/register,拒绝注册
https://anway.xyz/auth/register,拒绝注册
https://www.ojbk.pw/auth/register,拒绝注册
https://www.abuxiaoxi.com/auth/register,拒绝注册
https://leline.net/auth/register,拒绝注册
https://vofolo.net/auth/register,拒绝注册
https://sviptiz.xyz/auth/register,拒绝注册
https://www.heysss.com/auth/register,拒绝注册
https://goacross2020.com/auth/register,拒绝注册
https://lse112233.ml/auth/register,拒绝注册
https://www.speedy.asia/auth/register,拒绝注册
https://free.riyumi.xyz/auth/register,拒绝注册
https://www.199yun.info/auth/register,拒绝注册
https://2k11.cc/auth/register,拒绝注册
https://geekspeed.app/auth/register,拒绝注册
https://pro.crosswall.cc/auth/register,拒绝注册
https://woyaojiasu.com/auth/register,拒绝注册
https://107.172.198.124/auth/register,未授权站点
https://82.156.216.113/auth/register,未授权站点
https://ayucloudservices.com/auth/register,请求异常(ERROR:302)
https://wingybubble.men/auth/register,请求异常(ERROR:302)
https://www.xiaoxiaoyun.xyz/auth/register,请求异常(ERROR:302)
https://ddjppt.shop/auth/register,请求异常(ERROR:403)
https://kuaiyu.xyz/auth/register,请求异常(ERROR:403)
https://www.mjjspeed.com/auth/register,请求异常(ERROR:403)
https://ybdml.club/auth/register,请求异常(ERROR:403)
https://tgzm.xyz/auth/register,请求异常(ERROR:404)
https://greenorange.club/auth/register,请求异常(ERROR:404)
https://suibianqide.com/auth/register,请求异常(ERROR:521)
https://stovpn.com/auth/register,请求异常(ERROR:521)
https://www.designspeedonly.xyz/auth/register,请求异常(ERROR:522)
https://www.胡桃.com/auth/register,请求异常(ERROR:522)
https://www.xinyun.buzz/auth/register,请求异常(ERROR:522)
https://www.d-vpn.xyz/auth/register,请求异常(ERROR:522)
https://uuswly.com/auth/register,请求异常(ERROR:522)
https://eins-klien.net/auth/register,请求异常(ERROR:523)
https://beidaonet.software/auth/register,请求异常(ERROR:526)
https://ashin.us/auth/register,限制注册(邀请)
https://www.nydus.cyou/auth/register,限制注册(邀请)
https://kuailian-vpn.de/auth/register,限制注册(邀请)
https://3600.ml/auth/register,限制注册(邀请)
https://vv.wtf.day/auth/register,限制注册(邀请)
https://alick.co/auth/register,限制注册(邀请)
https://fq.mk/auth/register,限制注册(邀请)
https://www.1314159.xyz/auth/register,限制注册(邀请)
https://wdnmd.click/auth/register,限制注册(邀请)
https://fastvpn.top/auth/register,限制注册(邀请)
https://yours.wdnmd.rocks/auth/register,限制注册(邀请)
https://dash.project-cyber.com/auth/register,限制注册(邀请)
https://moebi.in/auth/register,限制注册(邀请)
https://www.tiramisu.link/auth/register,限制注册(邀请)
https://cw.uni-apps.com/auth/register,限制注册(邀请)
https://www.777km.co/auth/register,限制注册(邀请)
https://www.sjlx.win/auth/register,限制注册(邀请)
https://2mb.network/auth/register,限制注册(邀请)
https://3bear.shop/auth/register,限制注册(邀请)
https://www.clould.ltd/auth/register,限制注册(邀请)
https://gkd.support/auth/register,限制注册(邮箱)
https://paofu.cloud/auth/register,限制注册(邮箱)
https://wwa.qtycloud.xyz/auth/register,限制注册(邮箱)
https://leocloud.ga/auth/register,限制注册(邮箱)
https://linbei.net/auth/register,限制注册(邮箱)
https://socloud.cc/auth/register,限制注册(邮箱)
https://jsmao.net/auth/register,限制注册(邮箱)
https://maomi.in/auth/register,限制注册(邮箱)
https://www.wjn13.com/auth/register,限制注册(邮箱)
https://flexline.xyz/auth/register,限制注册(邮箱)
https://sjys6.com/auth/register,限制注册(邮箱)
https://xtspeeder.com/auth/register,限制注册(邮箱)
https://noir1216.fun/auth/register,限制注册(邮箱)
https://www.soulss.cloud/auth/register,限制注册(邮箱)
https://mxwljsq.com/auth/register,限制注册(邮箱)
https://www.luckyair.xyz/auth/register,限制注册(邮箱)
https://www.maomi.in/auth/register,限制注册(邮箱)
https://www.jobjapan.com/auth/register,限制注册(邮箱)
https://go.mllss.com/auth/register,限制注册(邮箱)
https://www.woccloud.io/auth/register,限制注册(邮箱)
https://panel.testred.xyz/auth/register,限制注册(邮箱)
https://22044.xyz/auth/register,限制注册(邮箱)
https://zcssr.com/auth/register,限制注册(邮箱)
https://raycloud.icu/auth/register,限制注册(邮箱)
https://bananasuperman.cf/auth/register,限制注册(邮箱)
https://aaxc.club/auth/register,限制注册(邮箱)
https://vhwke.com/auth/register,限制注册(邮箱)
https://ikuuu.co/auth/register,限制注册(邮箱)
https://fastnode.info/auth/register,限制注册(邮箱)
https://relx.host/auth/register,限制注册(邮箱)
https://taiyun.cc/auth/register,限制注册(邮箱)
https://flyall.me/auth/register,限制注册(邮箱)
https://lanlianhuayun.com/auth/register,限制注册(邮箱)
https://bigm.cc/auth/register,限制注册(邮箱)
https://echo99.xyz/auth/register,限制注册(邮箱)
https://www.ufox.me/auth/register,限制注册(邮箱)
https://socloud.me/auth/register,限制注册(邮箱)
https://gamingssr.w0rkupa.me/auth/register,限制注册(邮箱)
https://www.hasa.gay/auth/register,限制注册(邮箱)
https://applegame.xyz/auth/register,限制注册(邮箱)
https://www.hjtnt.cc/auth/register,限制注册(邮箱)
https://flysocks.pw/auth/register,限制注册(邮箱)
https://www.ivpnpro.org/auth/register,限制注册(邮箱)
https://topssr.top/auth/register,限制注册(邮箱)
https://www.zifaner.com/auth/register,限制注册(邮箱)
https://www.marst1.com/auth/register,限制注册(邮箱)
https://www.qtycloud.xyz/auth/register,限制注册(邮箱)
https://speedsocks.xyz/auth/register,限制注册(邮箱)
https://hyss.org/auth/register,限制注册(邮箱)
https://www.wssss.shop/auth/register,限制注册(邮箱)
https://linkhub.asia/auth/register,限制注册(邮箱)
https://pupucloud.live/auth/register,限制注册(邮箱)
https://nsfwcloud.com/auth/register,限制注册(邮箱)
https://fbi.sale/auth/register,限制注册(邮箱)
https://riyumi.xyz/auth/register,限制注册(邮箱)
https://gs1024.com/auth/register,限制注册(邮箱)
https://www.onelight.cc/auth/register,限制注册(邮箱)
https://vtol.pw/auth/register,限制注册(邮箱)
https://woc666.com/auth/register,限制注册(邮箱)
https://vfentou.com/auth/register,限制注册(邮箱)
https://call.chenxing.gq/auth/register,限制注册(邮箱)
https://www.jindcloud.net/auth/register,限制注册(邮箱)
https://pupuup.tools/auth/register,限制注册(邮箱)
https://ofor.cc/auth/register,限制注册(邮箱)
https://doggetech.com/auth/register,限制注册(邮箱)
https://prime.ypork.com/auth/register,限制注册(邮箱)
https://easier.site/auth/register,限制注册(邮箱)
https://滑稽场.com/auth/register,限制注册(邮箱)
https://www.miku.pm/auth/register,限制注册(邮箱)
https://www.vhwke.com/auth/register,限制注册(邮箱)
https://zerocloud.biz/auth/register,限制注册(邮箱)
https://www.csvpn.xyz/auth/register,限制注册(邮箱)
https://hntaohai.xyz/auth/register,限制注册(邮箱)
https://netpad.cloud/auth/register,限制注册(邮箱)
https://tiyunzong.cloud/auth/register,限制注册(邮箱)
